Keyword,Cluster,Suchintention,Sprache,Ziel-URL,Suchvolumen,Wettbewerb
showly,Brand,Brand/Informational,de,/ueber-showly,nicht geprüft,nicht geprüft
was ist showly,Brand,Brand/Informational,de,/ueber-showly,nicht geprüft,nicht geprüft
showly künstler,Brand,Brand/Informational,de,/ueber-showly,nicht geprüft,nicht geprüft
showly plattform,Brand,Brand/Informational,de,/ueber-showly,nicht geprüft,nicht geprüft
showly app künstler,Brand,Brand/Informational,de,/ueber-showly,nicht geprüft,nicht geprüft
showly seriös,Brand,Brand/Informational,de,/ueber-showly,nicht geprüft,nicht geprüft
what is showly,Brand,Brand/Informational,en,/ueber-showly?lang=en,nicht geprüft,nicht geprüft
showly artist booking,Brand,Brand/Informational,en,/ueber-showly?lang=en,nicht geprüft,nicht geprüft
showly entertainment platform,Brand,Brand/Informational,en,/ueber-showly?lang=en,nicht geprüft,nicht geprüft
qué es showly,Brand,Brand/Informational,es,/ueber-showly?lang=es,nicht geprüft,nicht geprüft
showly reservar artistas,Brand,Brand/Informational,es,/ueber-showly?lang=es,nicht geprüft,nicht geprüft
künstler buchen,Künstler buchen,Transactional/Commercial,de,/,nicht geprüft,nicht geprüft
künstler online buchen,Künstler buchen,Transactional/Commercial,de,/,nicht geprüft,nicht geprüft
künstlervermittlung,Künstler buchen,Transactional/Commercial,de,/,nicht geprüft,nicht geprüft
künstlervermittlung online,Künstler buchen,Transactional/Commercial,de,/,nicht geprüft,nicht geprüft
künstlerplattform,Künstler buchen,Transactional/Commercial,de,/,nicht geprüft,nicht geprüft
künstleragentur alternative,Künstler buchen,Transactional/Commercial,de,/,nicht geprüft,nicht geprüft
entertainment buchen,Künstler buchen,Transactional/Commercial,de,/,nicht geprüft,nicht geprüft
showact buchen,Künstler buchen,Transactional/Commercial,de,/,nicht geprüft,nicht geprüft
artist marketplace,Künstler buchen,Transactional/Commercial,de,/,nicht geprüft,nicht geprüft
entertainment-plattform deutschland,Künstler buchen,Transactional/Commercial,de,/,nicht geprüft,nicht geprüft
book artists online,Künstler buchen,Transactional,en,/?lang=en,nicht geprüft,nicht geprüft
artist booking platform,Künstler buchen,Transactional,en,/?lang=en,nicht geprüft,nicht geprüft
book entertainment for event,Künstler buchen,Transactional,en,/?lang=en,nicht geprüft,nicht geprüft
sänger buchen,Sparten,Transactional,de,/saenger-buchen,nicht geprüft,nicht geprüft
sängerin buchen,Sparten,Transactional,de,/saenger-buchen,nicht geprüft,nicht geprüft
sänger für feier,Sparten,Transactional,de,/saenger-buchen,nicht geprüft,nicht geprüft
sänger für event,Sparten,Transactional,de,/saenger-buchen,nicht geprüft,nicht geprüft
band buchen,Sparten,Transactional,de,/band-buchen,nicht geprüft,nicht geprüft
liveband buchen,Sparten,Transactional,de,/band-buchen,nicht geprüft,nicht geprüft
coverband buchen,Sparten,Transactional,de,/band-buchen,nicht geprüft,nicht geprüft
band für feier,Sparten,Transactional,de,/band-buchen,nicht geprüft,nicht geprüft
dj buchen,Sparten,Transactional,de,/dj-buchen,nicht geprüft,nicht geprüft
dj für party,Sparten,Transactional,de,/dj-buchen,nicht geprüft,nicht geprüft
dj für geburtstag,Sparten,Transactional,de,/dj-buchen,nicht geprüft,nicht geprüft
mobiler dj,Sparten,Transactional,de,/dj-buchen,nicht geprüft,nicht geprüft
musiker buchen,Sparten,Transactional,de,/musiker-buchen,nicht geprüft,nicht geprüft
musiker für hochzeit,Sparten,Transactional,de,/musiker-buchen,nicht geprüft,nicht geprüft
musiker für feier,Sparten,Transactional,de,/musiker-buchen,nicht geprüft,nicht geprüft
solokünstler buchen,Sparten,Transactional,de,/musiker-buchen,nicht geprüft,nicht geprüft
live-musik buchen,Sparten,Transactional,de,/live-musik-buchen,nicht geprüft,nicht geprüft
livemusik für event,Sparten,Transactional,de,/live-musik-buchen,nicht geprüft,nicht geprüft
live musik feier,Sparten,Transactional,de,/live-musik-buchen,nicht geprüft,nicht geprüft
tänzer buchen,Sparten,Transactional,de,/taenzer-buchen,nicht geprüft,nicht geprüft
tanzshow buchen,Sparten,Transactional,de,/taenzer-buchen,nicht geprüft,nicht geprüft
showtänzer,Sparten,Transactional,de,/taenzer-buchen,nicht geprüft,nicht geprüft
bauchtänzerin buchen,Sparten,Transactional,de,/taenzer-buchen,nicht geprüft,nicht geprüft
zauberer buchen,Sparten,Transactional,de,/zauberer-buchen,nicht geprüft,nicht geprüft
zauberer kindergeburtstag,Sparten,Transactional,de,/zauberer-buchen,nicht geprüft,nicht geprüft
zauberer firmenfeier,Sparten,Transactional,de,/zauberer-buchen,nicht geprüft,nicht geprüft
magier buchen,Sparten,Transactional,de,/zauberer-buchen,nicht geprüft,nicht geprüft
zauberkünstler,Sparten,Transactional,de,/zauberer-buchen,nicht geprüft,nicht geprüft
comedian buchen,Sparten,Transactional,de,/comedian-buchen,nicht geprüft,nicht geprüft
comedy für firmenfeier,Sparten,Transactional,de,/comedian-buchen,nicht geprüft,nicht geprüft
komiker buchen,Sparten,Transactional,de,/comedian-buchen,nicht geprüft,nicht geprüft
moderator buchen,Sparten,Transactional,de,/moderator-buchen,nicht geprüft,nicht geprüft
moderatorin event,Sparten,Transactional,de,/moderator-buchen,nicht geprüft,nicht geprüft
mc buchen,Sparten,Transactional,de,/moderator-buchen,nicht geprüft,nicht geprüft
eventmoderation,Sparten,Transactional,de,/moderator-buchen,nicht geprüft,nicht geprüft
artisten buchen,Sparten,Transactional,de,/artisten-buchen,nicht geprüft,nicht geprüft
straßenkünstler buchen,Sparten,Transactional,de,/artisten-buchen,nicht geprüft,nicht geprüft
walking act buchen,Sparten,Transactional,de,/artisten-buchen,nicht geprüft,nicht geprüft
feuershow,Sparten,Transactional,de,/artisten-buchen,nicht geprüft,nicht geprüft
akrobaten buchen,Sparten,Transactional,de,/akrobaten-buchen,nicht geprüft,nicht geprüft
akrobatik show,Sparten,Transactional,de,/akrobaten-buchen,nicht geprüft,nicht geprüft
luftakrobatik event,Sparten,Transactional,de,/akrobaten-buchen,nicht geprüft,nicht geprüft
kinderunterhaltung buchen,Sparten,Transactional,de,/kinderunterhaltung-buchen,nicht geprüft,nicht geprüft
kinderanimation,Sparten,Transactional,de,/kinderunterhaltung-buchen,nicht geprüft,nicht geprüft
clown kindergeburtstag,Sparten,Transactional,de,/kinderunterhaltung-buchen,nicht geprüft,nicht geprüft
kinderschminken buchen,Sparten,Transactional,de,/kinderunterhaltung-buchen,nicht geprüft,nicht geprüft
maskottchen buchen,Sparten,Transactional,de,/maskottchen-buchen,nicht geprüft,nicht geprüft
walking character,Sparten,Transactional,de,/maskottchen-buchen,nicht geprüft,nicht geprüft
kostümfigur buchen,Sparten,Transactional,de,/maskottchen-buchen,nicht geprüft,nicht geprüft
märchenfiguren buchen,Sparten,Transactional,de,/maerchenfiguren-buchen,nicht geprüft,nicht geprüft
prinzessin buchen kindergeburtstag,Sparten,Transactional,de,/maerchenfiguren-buchen,nicht geprüft,nicht geprüft
eiskönigin buchen,Sparten,Transactional,de,/maerchenfiguren-buchen,nicht geprüft,nicht geprüft
superheld buchen,Sparten,Transactional,de,/maerchenfiguren-buchen,nicht geprüft,nicht geprüft
showact buchen,Sparten,Transactional,de,/showacts-buchen,nicht geprüft,nicht geprüft
showact firmenfeier,Sparten,Transactional,de,/showacts-buchen,nicht geprüft,nicht geprüft
mentalist buchen,Sparten,Transactional,de,/showacts-buchen,nicht geprüft,nicht geprüft
hypnose show,Sparten,Transactional,de,/showacts-buchen,nicht geprüft,nicht geprüft
künstler hochzeit,Anlässe,Commercial,de,/hochzeit-kuenstler-buchen,nicht geprüft,nicht geprüft
hochzeitsunterhaltung,Anlässe,Commercial,de,/hochzeit-kuenstler-buchen,nicht geprüft,nicht geprüft
showact hochzeit,Anlässe,Commercial,de,/hochzeit-kuenstler-buchen,nicht geprüft,nicht geprüft
hochzeitssänger,Anlässe,Commercial,de,/hochzeit-saenger-buchen,nicht geprüft,nicht geprüft
sängerin trauung,Anlässe,Commercial,de,/hochzeit-saenger-buchen,nicht geprüft,nicht geprüft
sänger freie trauung,Anlässe,Commercial,de,/hochzeit-saenger-buchen,nicht geprüft,nicht geprüft
hochzeitsband,Anlässe,Commercial,de,/hochzeit-band-buchen,nicht geprüft,nicht geprüft
band für hochzeit buchen,Anlässe,Commercial,de,/hochzeit-band-buchen,nicht geprüft,nicht geprüft
liveband hochzeit,Anlässe,Commercial,de,/hochzeit-band-buchen,nicht geprüft,nicht geprüft
hochzeits-dj,Anlässe,Commercial,de,/hochzeit-dj-buchen,nicht geprüft,nicht geprüft
dj hochzeit kosten,Anlässe,Commercial,de,/hochzeit-dj-buchen,nicht geprüft,nicht geprüft
dj für hochzeit buchen,Anlässe,Commercial,de,/hochzeit-dj-buchen,nicht geprüft,nicht geprüft
entertainment firmenfeier,Anlässe,Commercial,de,/firmenfeier-entertainment,nicht geprüft,nicht geprüft
firmenfeier ideen,Anlässe,Commercial,de,/firmenfeier-entertainment,nicht geprüft,nicht geprüft
künstler firmenevent,Anlässe,Commercial,de,/firmenfeier-entertainment,nicht geprüft,nicht geprüft
betriebsfeier unterhaltung,Anlässe,Commercial,de,/firmenfeier-entertainment,nicht geprüft,nicht geprüft
weihnachtsfeier unterhaltung,Anlässe,Commercial,de,/weihnachtsfeier-entertainment,nicht geprüft,nicht geprüft
weihnachtsmann buchen,Anlässe,Commercial,de,/weihnachtsfeier-entertainment,nicht geprüft,nicht geprüft
weihnachtsfeier firma künstler,Anlässe,Commercial,de,/weihnachtsfeier-entertainment,nicht geprüft,nicht geprüft
messe entertainment,Anlässe,Commercial,de,/messe-entertainment,nicht geprüft,nicht geprüft
walking act messe,Anlässe,Commercial,de,/messe-entertainment,nicht geprüft,nicht geprüft
messestand unterhaltung,Anlässe,Commercial,de,/messe-entertainment,nicht geprüft,nicht geprüft
gala entertainment,Anlässe,Commercial,de,/gala-entertainment,nicht geprüft,nicht geprüft
showact gala,Anlässe,Commercial,de,/gala-entertainment,nicht geprüft,nicht geprüft
künstler für gala,Anlässe,Commercial,de,/gala-entertainment,nicht geprüft,nicht geprüft
künstler geburtstag,Anlässe,Commercial,de,/geburtstag-kuenstler,nicht geprüft,nicht geprüft
geburtstagsüberraschung künstler,Anlässe,Commercial,de,/geburtstag-kuenstler,nicht geprüft,nicht geprüft
50. geburtstag unterhaltung,Anlässe,Commercial,de,/geburtstag-kuenstler,nicht geprüft,nicht geprüft
kindergeburtstag unterhaltung,Anlässe,Commercial,de,/kindergeburtstag-entertainment,nicht geprüft,nicht geprüft
zauberer kindergeburtstag,Anlässe,Commercial,de,/kindergeburtstag-entertainment,nicht geprüft,nicht geprüft
prinzessin kindergeburtstag,Anlässe,Commercial,de,/kindergeburtstag-entertainment,nicht geprüft,nicht geprüft
kinderschminken,Anlässe,Commercial,de,/kindergeburtstag-entertainment,nicht geprüft,nicht geprüft
künstler festival,Anlässe,Commercial,de,/festival-kuenstler,nicht geprüft,nicht geprüft
walking act festival,Anlässe,Commercial,de,/festival-kuenstler,nicht geprüft,nicht geprüft
straßenkunst festival,Anlässe,Commercial,de,/festival-kuenstler,nicht geprüft,nicht geprüft
stadtfest unterhaltung,Anlässe,Commercial,de,/stadtfest-entertainment,nicht geprüft,nicht geprüft
straßenkünstler stadtfest,Anlässe,Commercial,de,/stadtfest-entertainment,nicht geprüft,nicht geprüft
kinderprogramm stadtfest,Anlässe,Commercial,de,/stadtfest-entertainment,nicht geprüft,nicht geprüft
hotel entertainment,Anlässe,Commercial,de,/hotel-entertainment,nicht geprüft,nicht geprüft
musiker hotelbar,Anlässe,Commercial,de,/hotel-entertainment,nicht geprüft,nicht geprüft
animation hotel,Anlässe,Commercial,de,/hotel-entertainment,nicht geprüft,nicht geprüft
live musik restaurant,Anlässe,Commercial,de,/restaurant-live-musik,nicht geprüft,nicht geprüft
musiker restaurant buchen,Anlässe,Commercial,de,/restaurant-live-musik,nicht geprüft,nicht geprüft
pianist restaurant,Anlässe,Commercial,de,/restaurant-live-musik,nicht geprüft,nicht geprüft
unterhaltung private feier,Anlässe,Commercial,de,/private-feier-entertainment,nicht geprüft,nicht geprüft
jubiläum künstler,Anlässe,Commercial,de,/private-feier-entertainment,nicht geprüft,nicht geprüft
party unterhaltung,Anlässe,Commercial,de,/private-feier-entertainment,nicht geprüft,nicht geprüft
was kostet ein sänger,Ratgeber,Informational,de,/ratgeber/was-kostet-ein-saenger,nicht geprüft,nicht geprüft
sänger hochzeit preis,Ratgeber,Informational,de,/ratgeber/was-kostet-ein-saenger,nicht geprüft,nicht geprüft
gage sänger,Ratgeber,Informational,de,/ratgeber/was-kostet-ein-saenger,nicht geprüft,nicht geprüft
was kostet eine band,Ratgeber,Informational,de,/ratgeber/was-kostet-eine-band,nicht geprüft,nicht geprüft
band hochzeit kosten,Ratgeber,Informational,de,/ratgeber/was-kostet-eine-band,nicht geprüft,nicht geprüft
coverband preis,Ratgeber,Informational,de,/ratgeber/was-kostet-eine-band,nicht geprüft,nicht geprüft
was kostet ein dj,Ratgeber,Informational,de,/ratgeber/was-kostet-ein-dj,nicht geprüft,nicht geprüft
dj preis pro stunde,Ratgeber,Informational,de,/ratgeber/was-kostet-ein-dj,nicht geprüft,nicht geprüft
dj hochzeit kosten,Ratgeber,Informational,de,/ratgeber/was-kostet-ein-dj,nicht geprüft,nicht geprüft
wie buche ich einen künstler,Ratgeber,Informational,de,/ratgeber/kuenstler-buchen,nicht geprüft,nicht geprüft
künstler buchen tipps,Ratgeber,Informational,de,/ratgeber/kuenstler-buchen,nicht geprüft,nicht geprüft
künstler anfragen,Ratgeber,Informational,de,/ratgeber/kuenstler-buchen,nicht geprüft,nicht geprüft
künstlervertrag,Ratgeber,Informational,de,/ratgeber/kuenstlervertrag,nicht geprüft,nicht geprüft
gastspielvertrag,Ratgeber,Informational,de,/ratgeber/kuenstlervertrag,nicht geprüft,nicht geprüft
künstlervertrag muster,Ratgeber,Informational,de,/ratgeber/kuenstlervertrag,nicht geprüft,nicht geprüft
richtigen künstler finden,Ratgeber,Informational,de,/ratgeber/kuenstler-fuer-event-finden,nicht geprüft,nicht geprüft
künstler auswählen event,Ratgeber,Informational,de,/ratgeber/kuenstler-fuer-event-finden,nicht geprüft,nicht geprüft
event entertainment planen,Ratgeber,Informational,de,/ratgeber/event-entertainment-planen,nicht geprüft,nicht geprüft
programm firmenfeier planen,Ratgeber,Informational,de,/ratgeber/event-entertainment-planen,nicht geprüft,nicht geprüft
ablauf feier,Ratgeber,Informational,de,/ratgeber/event-entertainment-planen,nicht geprüft,nicht geprüft
liveband oder dj,Ratgeber,Informational,de,/ratgeber/live-musik-oder-dj,nicht geprüft,nicht geprüft
band oder dj hochzeit,Ratgeber,Informational,de,/ratgeber/live-musik-oder-dj,nicht geprüft,nicht geprüft
hochzeitsmusik planen,Ratgeber,Informational,de,/ratgeber/hochzeitsmusik-planen,nicht geprüft,nicht geprüft
musik trauung,Ratgeber,Informational,de,/ratgeber/hochzeitsmusik-planen,nicht geprüft,nicht geprüft
ablauf hochzeitsmusik,Ratgeber,Informational,de,/ratgeber/hochzeitsmusik-planen,nicht geprüft,nicht geprüft
kurzfristig künstler buchen,Ratgeber,Informational,de,/ratgeber/kurzfristig-kuenstler-buchen,nicht geprüft,nicht geprüft
last minute künstler,Ratgeber,Informational,de,/ratgeber/kurzfristig-kuenstler-buchen,nicht geprüft,nicht geprüft
künstler morgen buchen,Ratgeber,Informational,de,/ratgeber/kurzfristig-kuenstler-buchen,nicht geprüft,nicht geprüft
