Nr,URL,Seite,Suchintention,Primary Keyword,Secondary Keywords,Meta Title,Meta Description,H1,Outline,Interne Links,Schema,Conversion-Ziel,Showly-Sparte,Voraussetzung / Hinweis,Status
1,/ueber-showly,Was ist Showly?,Brand / informational,Showly,was ist showly; showly künstler; showly plattform; showly seriös,Über Showly – Plattform für Künstler & Entertainment-Buchung,"Was ist Showly? Die Plattform, um Künstler und Entertainment-Acts für Feiern und Firmenevents zu finden und direkt zu buchen – mit Live-Kalender und Festpreis.",Was ist Showly?,Definition | Was Showly bietet | Für wen | Ablauf | Unterschied zur Agentur | Für Künstler | Sprachen | Abgrenzung Serien-App,/wie-funktioniert-showly; /; /mitmachen; /shop; /torten; /hilfe; /rechtliches/imprint,"AboutPage, Organization, BreadcrumbList",Künstler finden / Registrieren,–,keine,✅ live im Code
2,/wie-funktioniert-showly,Wie funktioniert Showly?,Brand / informational,wie funktioniert showly,künstler online buchen ablauf; showly buchung,So funktioniert Showly – Künstler buchen in 4 Schritten,"Künstler finden, Termin im Live-Kalender wählen, sicher bezahlen, Auftritt per Check-in bestätigen: so läuft eine Buchung über Showly ab.",Wie funktioniert Showly?,Direkte Antwort | 4 Schritte | Sofortbuchung/Anfrage | Fahrtzeit | Stornierung | Für Künstler,/ueber-showly; /; /mitmachen; /hilfe; /rechtliches/terms,"WebPage, BreadcrumbList",Künstler finden,–,keine,✅ live im Code
3,/ (statt /kuenstler-buchen),Künstler online buchen,Transactional,künstler buchen,künstler online buchen; entertainment buchen; showact buchen; künstlervermittlung online,Showly – Künstler & Event-Acts online buchen,"Zauberer, Märchenfiguren, DJs und Eventplaner mit Live-Kalender buchen: Festpreis vorab, sichere Zahlung, geprüfte Profile.",Künstler buchen,Suche | Sparten | Top-Profile | Ablauf kurz | Vertrauen,alle Kategorieseiten; /ueber-showly,"Organization, WebSite",Profil öffnen,alle,Startseite deckt die Absicht ab; eigene Seite /kuenstler-buchen wäre ein Duplikat,✅ Startseite
4,/mitmachen (statt /fuer-kuenstler),Showly für Künstler,Commercial (Angebot),als künstler registrieren,künstler plattform registrieren; auftritte bekommen; gigs finden,Künstler werden – als Act oder Planer auf Showly starten,"Kostenlos registrieren, eigenen Kalender führen, 80 % der Gage bekommen: So wirst du Showly-Künstler oder Eventplaner.",Künstler werden,Vorteile | Konditionen 80/20 | Ausweisprüfung | Kalender | FAQ für Künstler,/ueber-showly; /hilfe; /rechtliches/terms,"WebPage, BreadcrumbList (ergänzen)",Registrierung,–,vorhanden; Schema und FAQ ergänzen,🔧 erweitern
5,/fuer-veranstalter,Showly für Veranstalter,Commercial,künstler für event buchen,entertainment firmenfeier; künstler für veranstaltung; eventplaner buchen,Showly für Veranstalter – Künstler fürs Event buchen,"Firmenfeier, Messe, Gala oder Privatfeier: Künstler mit Festpreis und Live-Kalender buchen, sicher bezahlen, Stornoschutz inklusive.",Künstler für deine Veranstaltung,Direkte Antwort | Anlässe | Sparten | Rechnung/Business | Schutz | CTA,Anlass-Seiten 26–40; /wie-funktioniert-showly,"WebPage, BreadcrumbList",Künstler finden,alle,Anlass-Seiten zuerst,⏳
6,/kategorien,Alle Künstlerkategorien,Navigational,künstler kategorien,arten von künstlern für events,"Alle Sparten – Zauberer, DJs, Bands & mehr | Showly",Alle Künstler-Sparten auf Showly im Überblick: von Zauberern und DJs über Märchenfiguren bis zu Bands und Eventplanern.,Alle Künstler-Sparten,Liste mit Kurzbeschreibung je Sparte | Anzahl echter Profile,Kategorieseiten 11–25,"CollectionPage, ItemList, BreadcrumbList",Sparte öffnen,alle,sobald ≥ 3 Kategorieseiten existieren,⏳
7,/kosten,Was kostet die Buchung über Showly?,Informational / Commercial,showly kosten,künstler buchen kosten; gebühren showly; provision künstlerplattform,"Was kostet Showly? Preise, Gebühren und Provision","Für Kunden gilt der Endpreis im Profil, ohne zusätzliche Gebühren. Künstler zahlen 20 % Provision und erhalten 80 % der Gage.",Was kostet die Buchung über Showly?,"Direkte Antwort | Kunden: Endpreis | Künstler: 80/20, Auszahlung 5 Werktage | Stornokosten laut AGB | Beispielrechnung",/wie-funktioniert-showly; /rechtliches/terms; /mitmachen,"WebPage, FAQPage, BreadcrumbList",Künstler finden,–,"Fakten belegt (pricing.ts, AGB); Seite kann sofort gebaut werden",⏳ nächster Block
8,/sicherheit,Sicher Künstler buchen,Informational,künstler sicher buchen,seriöse künstlervermittlung; künstler sagt ab was tun; anzahlung künstler,Sicher Künstler buchen – Schutz bei Showly,"Ausweisprüfung, Zahlung über die Plattform, Check-in-Code, Erstattung und Gutschein bei Ausfall: so schützt Showly Kunden und Künstler.",Sicher Künstler buchen,Direkte Antwort | Ausweisprüfung | Zahlung | Check-in | Ausfall | Melden/Blockieren | Datenschutz,/hilfe; /rechtliches/terms; /rechtliches/security,"WebPage, FAQPage, BreadcrumbList",Künstler finden,–,Fakten belegt; kann sofort gebaut werden,⏳ nächster Block
9,/hilfe (statt /faq),Häufige Fragen,Informational,showly faq,showly hilfe; showly stornieren; showly kontakt,Hilfe & häufige Fragen zur Künstlerbuchung | Showly,"Antworten zu Buchung, Zahlung, Stornierung, Check-in und Konto bei Showly – und der direkte Weg zu unserem Team.",Hilfe und Kontakt,FAQ | Antwortzeiten | Kontaktformular,/ueber-showly; /wie-funktioniert-showly,"FAQPage, BreadcrumbList",Anfrage stellen,–,vorhanden,✅
10,/hilfe (statt /kontakt),Kontakt zu Showly,Navigational,showly kontakt,showly support; showly e-mail,(wie /hilfe),(wie /hilfe),Hilfe und Kontakt,Kontaktformular auf /hilfe,/rechtliches/imprint,ContactPoint in Organization,Anfrage stellen,–,eigene Seite wäre Duplikat,✅
11,/saenger-buchen,Sänger buchen,Transactional,sänger buchen,sängerin buchen; sänger für feier; sänger für event,Sänger buchen – mit Festpreis & Live-Kalender | Showly,"Sänger buchen für Geburtstag, Hochzeit oder Firmenfeier: Profile vergleichen, freie Termine sehen und direkt zum Festpreis buchen.",Sänger buchen,Direkte Antwort (50–100 Wörter) | Echte Profile dieser Sparte | Worauf achten | Ablauf der Buchung | Häufige Fragen | CTA,/ ; passende Anlass-Seiten; passender Ratgeber; /wie-funktioniert-showly,"CollectionPage, ItemList (echte Profile), BreadcrumbList, FAQPage",Profil öffnen / buchen,musician,Sparte Musiker mit Gesang: erst mit ≥ 5 echten Profilen; ggf. eigene Sparte „Sänger“ einführen,⏳ wartet auf echte Profile
12,/band-buchen,Band buchen,Transactional,band buchen,liveband buchen; coverband buchen; band für feier,Band buchen – mit Festpreis & Live-Kalender | Showly,"Band buchen für Geburtstag, Hochzeit oder Firmenfeier: Profile vergleichen, freie Termine sehen und direkt zum Festpreis buchen.",Band buchen,Direkte Antwort (50–100 Wörter) | Echte Profile dieser Sparte | Worauf achten | Ablauf der Buchung | Häufige Fragen | CTA,/ ; passende Anlass-Seiten; passender Ratgeber; /wie-funktioniert-showly,"CollectionPage, ItemList (echte Profile), BreadcrumbList, FAQPage",Profil öffnen / buchen,band,≥ 5 echte Band-Profile,⏳ wartet auf echte Profile
13,/dj-buchen,DJ buchen,Transactional,dj buchen,dj für party; dj für geburtstag; mobiler dj,DJ buchen – mit Festpreis & Live-Kalender | Showly,"DJ buchen für Geburtstag, Hochzeit oder Firmenfeier: Profile vergleichen, freie Termine sehen und direkt zum Festpreis buchen.",DJ buchen,Direkte Antwort (50–100 Wörter) | Echte Profile dieser Sparte | Worauf achten | Ablauf der Buchung | Häufige Fragen | CTA,/ ; passende Anlass-Seiten; passender Ratgeber; /wie-funktioniert-showly,"CollectionPage, ItemList (echte Profile), BreadcrumbList, FAQPage",Profil öffnen / buchen,dj,≥ 5 echte DJ-Profile,⏳ wartet auf echte Profile
14,/musiker-buchen,Musiker buchen,Transactional,musiker buchen,musiker für hochzeit; musiker für feier; solokünstler buchen,Musiker buchen – mit Festpreis & Live-Kalender | Showly,"Musiker buchen für Geburtstag, Hochzeit oder Firmenfeier: Profile vergleichen, freie Termine sehen und direkt zum Festpreis buchen.",Musiker buchen,Direkte Antwort (50–100 Wörter) | Echte Profile dieser Sparte | Worauf achten | Ablauf der Buchung | Häufige Fragen | CTA,/ ; passende Anlass-Seiten; passender Ratgeber; /wie-funktioniert-showly,"CollectionPage, ItemList (echte Profile), BreadcrumbList, FAQPage",Profil öffnen / buchen,musician,≥ 5 echte Musiker-Profile,⏳ wartet auf echte Profile
15,/live-musik-buchen,Live-Musik buchen,Transactional,live-musik buchen,livemusik für event; live musik feier,Live-Musik buchen – mit Festpreis & Live-Kalender | Showly,"Live-Musik buchen für Geburtstag, Hochzeit oder Firmenfeier: Profile vergleichen, freie Termine sehen und direkt zum Festpreis buchen.",Live-Musik buchen,Direkte Antwort (50–100 Wörter) | Echte Profile dieser Sparte | Worauf achten | Ablauf der Buchung | Häufige Fragen | CTA,/ ; passende Anlass-Seiten; passender Ratgeber; /wie-funktioniert-showly,"CollectionPage, ItemList (echte Profile), BreadcrumbList, FAQPage",Profil öffnen / buchen,"musician, band",erst wenn 12 und 14 existieren; sonst Überschneidung,⏳ wartet auf echte Profile
16,/taenzer-buchen,Tänzer buchen,Transactional,tänzer buchen,tanzshow buchen; showtänzer; bauchtänzerin buchen,Tänzer buchen – mit Festpreis & Live-Kalender | Showly,"Tänzer buchen für Geburtstag, Hochzeit oder Firmenfeier: Profile vergleichen, freie Termine sehen und direkt zum Festpreis buchen.",Tänzer buchen,Direkte Antwort (50–100 Wörter) | Echte Profile dieser Sparte | Worauf achten | Ablauf der Buchung | Häufige Fragen | CTA,/ ; passende Anlass-Seiten; passender Ratgeber; /wie-funktioniert-showly,"CollectionPage, ItemList (echte Profile), BreadcrumbList, FAQPage",Profil öffnen / buchen,dancer,≥ 5 echte Profile,⏳ wartet auf echte Profile
17,/zauberer-buchen,Zauberer buchen,Transactional,zauberer buchen,zauberer kindergeburtstag; zauberer firmenfeier; magier buchen; zauberkünstler,Zauberer buchen – mit Festpreis & Live-Kalender | Showly,"Zauberer buchen für Geburtstag, Hochzeit oder Firmenfeier: Profile vergleichen, freie Termine sehen und direkt zum Festpreis buchen.",Zauberer buchen,Direkte Antwort (50–100 Wörter) | Echte Profile dieser Sparte | Worauf achten | Ablauf der Buchung | Häufige Fragen | CTA,/ ; passende Anlass-Seiten; passender Ratgeber; /wie-funktioniert-showly,"CollectionPage, ItemList (echte Profile), BreadcrumbList, FAQPage",Profil öffnen / buchen,magician,≥ 5 echte Profile – voraussichtlich erste Kategorieseite,⏳ wartet auf echte Profile
18,/comedian-buchen,Comedian buchen,Transactional,comedian buchen,comedy für firmenfeier; komiker buchen,Comedian buchen – mit Festpreis & Live-Kalender | Showly,"Comedian buchen für Geburtstag, Hochzeit oder Firmenfeier: Profile vergleichen, freie Termine sehen und direkt zum Festpreis buchen.",Comedian buchen,Direkte Antwort (50–100 Wörter) | Echte Profile dieser Sparte | Worauf achten | Ablauf der Buchung | Häufige Fragen | CTA,/ ; passende Anlass-Seiten; passender Ratgeber; /wie-funktioniert-showly,"CollectionPage, ItemList (echte Profile), BreadcrumbList, FAQPage",Profil öffnen / buchen,comedy,≥ 5 echte Profile,⏳ wartet auf echte Profile
19,/moderator-buchen,Moderator buchen,Transactional,moderator buchen,moderatorin event; mc buchen; eventmoderation,Moderator buchen – mit Festpreis & Live-Kalender | Showly,"Moderator buchen für Geburtstag, Hochzeit oder Firmenfeier: Profile vergleichen, freie Termine sehen und direkt zum Festpreis buchen.",Moderator buchen,Direkte Antwort (50–100 Wörter) | Echte Profile dieser Sparte | Worauf achten | Ablauf der Buchung | Häufige Fragen | CTA,/ ; passende Anlass-Seiten; passender Ratgeber; /wie-funktioniert-showly,"CollectionPage, ItemList (echte Profile), BreadcrumbList, FAQPage",Profil öffnen / buchen,host,≥ 5 echte Profile,⏳ wartet auf echte Profile
20,/artisten-buchen,Artisten buchen,Transactional,artisten buchen,straßenkünstler buchen; walking act buchen; feuershow,Artisten buchen – mit Festpreis & Live-Kalender | Showly,"Artisten buchen für Geburtstag, Hochzeit oder Firmenfeier: Profile vergleichen, freie Termine sehen und direkt zum Festpreis buchen.",Artisten buchen,Direkte Antwort (50–100 Wörter) | Echte Profile dieser Sparte | Worauf achten | Ablauf der Buchung | Häufige Fragen | CTA,/ ; passende Anlass-Seiten; passender Ratgeber; /wie-funktioniert-showly,"CollectionPage, ItemList (echte Profile), BreadcrumbList, FAQPage",Profil öffnen / buchen,"acrobat, street, walkingact",≥ 5 echte Profile,⏳ wartet auf echte Profile
21,/akrobaten-buchen,Akrobaten buchen,Transactional,akrobaten buchen,akrobatik show; luftakrobatik event,Akrobaten buchen – mit Festpreis & Live-Kalender | Showly,"Akrobaten buchen für Geburtstag, Hochzeit oder Firmenfeier: Profile vergleichen, freie Termine sehen und direkt zum Festpreis buchen.",Akrobaten buchen,Direkte Antwort (50–100 Wörter) | Echte Profile dieser Sparte | Worauf achten | Ablauf der Buchung | Häufige Fragen | CTA,/ ; passende Anlass-Seiten; passender Ratgeber; /wie-funktioniert-showly,"CollectionPage, ItemList (echte Profile), BreadcrumbList, FAQPage",Profil öffnen / buchen,acrobat,≥ 5 echte Profile; sonst in 20 aufgehen lassen,⏳ wartet auf echte Profile
22,/kinderunterhaltung-buchen,Kinderunterhaltung buchen,Transactional,kinderunterhaltung buchen,kinderanimation; clown kindergeburtstag; kinderschminken buchen,Kinderunterhaltung buchen – mit Festpreis & Live-Kalender | Showly,"Kinderunterhaltung buchen für Geburtstag, Hochzeit oder Firmenfeier: Profile vergleichen, freie Termine sehen und direkt zum Festpreis buchen.",Kinderunterhaltung buchen,Direkte Antwort (50–100 Wörter) | Echte Profile dieser Sparte | Worauf achten | Ablauf der Buchung | Häufige Fragen | CTA,/ ; passende Anlass-Seiten; passender Ratgeber; /wie-funktioniert-showly,"CollectionPage, ItemList (echte Profile), BreadcrumbList, FAQPage",Profil öffnen / buchen,"fairy, clown, facepaint, superhero",≥ 5 echte Profile,⏳ wartet auf echte Profile
23,/maskottchen-buchen,Maskottchen buchen,Transactional,maskottchen buchen,walking character; kostümfigur buchen,Maskottchen buchen – mit Festpreis & Live-Kalender | Showly,"Maskottchen buchen für Geburtstag, Hochzeit oder Firmenfeier: Profile vergleichen, freie Termine sehen und direkt zum Festpreis buchen.",Maskottchen buchen,Direkte Antwort (50–100 Wörter) | Echte Profile dieser Sparte | Worauf achten | Ablauf der Buchung | Häufige Fragen | CTA,/ ; passende Anlass-Seiten; passender Ratgeber; /wie-funktioniert-showly,"CollectionPage, ItemList (echte Profile), BreadcrumbList, FAQPage",Profil öffnen / buchen,– (keine Sparte),"Showly hat keine Sparte Maskottchen: NICHT anlegen, sonst Seite ohne Angebot",⏳ wartet auf echte Profile
24,/maerchenfiguren-buchen,Märchenfiguren buchen,Transactional,märchenfiguren buchen,prinzessin buchen kindergeburtstag; eiskönigin buchen; superheld buchen,Märchenfiguren buchen – mit Festpreis & Live-Kalender | Showly,"Märchenfiguren buchen für Geburtstag, Hochzeit oder Firmenfeier: Profile vergleichen, freie Termine sehen und direkt zum Festpreis buchen.",Märchenfiguren buchen,Direkte Antwort (50–100 Wörter) | Echte Profile dieser Sparte | Worauf achten | Ablauf der Buchung | Häufige Fragen | CTA,/ ; passende Anlass-Seiten; passender Ratgeber; /wie-funktioniert-showly,"CollectionPage, ItemList (echte Profile), BreadcrumbList, FAQPage",Profil öffnen / buchen,"fairy, superhero",≥ 5 echte Profile; Markenrechte bei Figurennamen beachten,⏳ wartet auf echte Profile
25,/showacts-buchen,Showacts buchen,Transactional,showact buchen,showact firmenfeier; mentalist buchen; hypnose show,Showacts buchen – mit Festpreis & Live-Kalender | Showly,"Showacts buchen für Geburtstag, Hochzeit oder Firmenfeier: Profile vergleichen, freie Termine sehen und direkt zum Festpreis buchen.",Showacts buchen,Direkte Antwort (50–100 Wörter) | Echte Profile dieser Sparte | Worauf achten | Ablauf der Buchung | Häufige Fragen | CTA,/ ; passende Anlass-Seiten; passender Ratgeber; /wie-funktioniert-showly,"CollectionPage, ItemList (echte Profile), BreadcrumbList, FAQPage",Profil öffnen / buchen,"walkingact, mentalist, hypnotist, acrobat",≥ 5 echte Profile,⏳ wartet auf echte Profile
26,/hochzeit-kuenstler-buchen,Künstler für Hochzeit,Commercial / Transactional,künstler hochzeit,hochzeitsunterhaltung; showact hochzeit,Künstler für Hochzeit – Künstler mit Festpreis buchen | Showly,"Künstler für Hochzeit: passende Künstler vergleichen, freie Termine im Live-Kalender sehen und direkt buchen. Stornoschutz und sichere Zahlung inklusive.",Künstler für Hochzeit,Direkte Antwort | Passende Sparten mit echten Profilen | Planungstipps | Zeitplan | FAQ | CTA,passende Kategorieseiten; passender Ratgeber; /fuer-veranstalter,"CollectionPage, ItemList, BreadcrumbList, FAQPage",Profil öffnen / buchen,"musician, band, dj, magician, weddingplanner","≥ 10 echte passende Profile; eigener Text, kein Textbaustein",⏳ wartet auf echte Profile
27,/hochzeit-saenger-buchen,Hochzeitssänger buchen,Commercial / Transactional,hochzeitssänger,sängerin trauung; sänger freie trauung,Hochzeitssänger buchen – Künstler mit Festpreis buchen | Showly,"Hochzeitssänger buchen: passende Künstler vergleichen, freie Termine im Live-Kalender sehen und direkt buchen. Stornoschutz und sichere Zahlung inklusive.",Hochzeitssänger buchen,Direkte Antwort | Passende Sparten mit echten Profilen | Planungstipps | Zeitplan | FAQ | CTA,passende Kategorieseiten; passender Ratgeber; /fuer-veranstalter,"CollectionPage, ItemList, BreadcrumbList, FAQPage",Profil öffnen / buchen,musician,"≥ 10 echte passende Profile; eigener Text, kein Textbaustein",⏳ wartet auf echte Profile
28,/hochzeit-band-buchen,Band für Hochzeit,Commercial / Transactional,hochzeitsband,band für hochzeit buchen; liveband hochzeit,Band für Hochzeit – Künstler mit Festpreis buchen | Showly,"Band für Hochzeit: passende Künstler vergleichen, freie Termine im Live-Kalender sehen und direkt buchen. Stornoschutz und sichere Zahlung inklusive.",Band für Hochzeit,Direkte Antwort | Passende Sparten mit echten Profilen | Planungstipps | Zeitplan | FAQ | CTA,passende Kategorieseiten; passender Ratgeber; /fuer-veranstalter,"CollectionPage, ItemList, BreadcrumbList, FAQPage",Profil öffnen / buchen,band,"≥ 10 echte passende Profile; eigener Text, kein Textbaustein",⏳ wartet auf echte Profile
29,/hochzeit-dj-buchen,DJ für Hochzeit,Commercial / Transactional,hochzeits-dj,dj hochzeit kosten; dj für hochzeit buchen,DJ für Hochzeit – Künstler mit Festpreis buchen | Showly,"DJ für Hochzeit: passende Künstler vergleichen, freie Termine im Live-Kalender sehen und direkt buchen. Stornoschutz und sichere Zahlung inklusive.",DJ für Hochzeit,Direkte Antwort | Passende Sparten mit echten Profilen | Planungstipps | Zeitplan | FAQ | CTA,passende Kategorieseiten; passender Ratgeber; /fuer-veranstalter,"CollectionPage, ItemList, BreadcrumbList, FAQPage",Profil öffnen / buchen,dj,"≥ 10 echte passende Profile; eigener Text, kein Textbaustein",⏳ wartet auf echte Profile
30,/firmenfeier-entertainment,Entertainment für Firmenfeier,Commercial / Transactional,entertainment firmenfeier,firmenfeier ideen; künstler firmenevent; betriebsfeier unterhaltung,Entertainment für Firmenfeier – Künstler mit Festpreis buchen | Showly,"Entertainment für Firmenfeier: passende Künstler vergleichen, freie Termine im Live-Kalender sehen und direkt buchen. Stornoschutz und sichere Zahlung inklusive.",Entertainment für Firmenfeier,Direkte Antwort | Passende Sparten mit echten Profilen | Planungstipps | Zeitplan | FAQ | CTA,passende Kategorieseiten; passender Ratgeber; /fuer-veranstalter,"CollectionPage, ItemList, BreadcrumbList, FAQPage",Profil öffnen / buchen,"magician, mentalist, comedy, band, dj, walkingact","≥ 10 echte passende Profile; eigener Text, kein Textbaustein",⏳ wartet auf echte Profile
31,/weihnachtsfeier-entertainment,Entertainment für Weihnachtsfeier,Commercial / Transactional,weihnachtsfeier unterhaltung,weihnachtsmann buchen; weihnachtsfeier firma künstler,Entertainment für Weihnachtsfeier – Künstler mit Festpreis buchen | Showly,"Entertainment für Weihnachtsfeier: passende Künstler vergleichen, freie Termine im Live-Kalender sehen und direkt buchen. Stornoschutz und sichere Zahlung inklusive.",Entertainment für Weihnachtsfeier,Direkte Antwort | Passende Sparten mit echten Profilen | Planungstipps | Zeitplan | FAQ | CTA,passende Kategorieseiten; passender Ratgeber; /fuer-veranstalter,"CollectionPage, ItemList, BreadcrumbList, FAQPage",Profil öffnen / buchen,"santa, magician, band","≥ 10 echte passende Profile; eigener Text, kein Textbaustein",⏳ wartet auf echte Profile
32,/messe-entertainment,Entertainment für Messe,Commercial / Transactional,messe entertainment,walking act messe; messestand unterhaltung,Entertainment für Messe – Künstler mit Festpreis buchen | Showly,"Entertainment für Messe: passende Künstler vergleichen, freie Termine im Live-Kalender sehen und direkt buchen. Stornoschutz und sichere Zahlung inklusive.",Entertainment für Messe,Direkte Antwort | Passende Sparten mit echten Profilen | Planungstipps | Zeitplan | FAQ | CTA,passende Kategorieseiten; passender Ratgeber; /fuer-veranstalter,"CollectionPage, ItemList, BreadcrumbList, FAQPage",Profil öffnen / buchen,"walkingact, magician, mentalist","≥ 10 echte passende Profile; eigener Text, kein Textbaustein",⏳ wartet auf echte Profile
33,/gala-entertainment,Entertainment für Gala,Commercial / Transactional,gala entertainment,showact gala; künstler für gala,Entertainment für Gala – Künstler mit Festpreis buchen | Showly,"Entertainment für Gala: passende Künstler vergleichen, freie Termine im Live-Kalender sehen und direkt buchen. Stornoschutz und sichere Zahlung inklusive.",Entertainment für Gala,Direkte Antwort | Passende Sparten mit echten Profilen | Planungstipps | Zeitplan | FAQ | CTA,passende Kategorieseiten; passender Ratgeber; /fuer-veranstalter,"CollectionPage, ItemList, BreadcrumbList, FAQPage",Profil öffnen / buchen,"acrobat, dancer, band","≥ 10 echte passende Profile; eigener Text, kein Textbaustein",⏳ wartet auf echte Profile
34,/geburtstag-kuenstler,Künstler für Geburtstag,Commercial / Transactional,künstler geburtstag,geburtstagsüberraschung künstler; 50. geburtstag unterhaltung,Künstler für Geburtstag – Künstler mit Festpreis buchen | Showly,"Künstler für Geburtstag: passende Künstler vergleichen, freie Termine im Live-Kalender sehen und direkt buchen. Stornoschutz und sichere Zahlung inklusive.",Künstler für Geburtstag,Direkte Antwort | Passende Sparten mit echten Profilen | Planungstipps | Zeitplan | FAQ | CTA,passende Kategorieseiten; passender Ratgeber; /fuer-veranstalter,"CollectionPage, ItemList, BreadcrumbList, FAQPage",Profil öffnen / buchen,alle,"≥ 10 echte passende Profile; eigener Text, kein Textbaustein",⏳ wartet auf echte Profile
35,/kindergeburtstag-entertainment,Entertainment für Kindergeburtstag,Commercial / Transactional,kindergeburtstag unterhaltung,zauberer kindergeburtstag; prinzessin kindergeburtstag; kinderschminken,Entertainment für Kindergeburtstag – Künstler mit Festpreis buchen | Showly,"Entertainment für Kindergeburtstag: passende Künstler vergleichen, freie Termine im Live-Kalender sehen und direkt buchen. Stornoschutz und sichere Zahlung inklusive.",Entertainment für Kindergeburtstag,Direkte Antwort | Passende Sparten mit echten Profilen | Planungstipps | Zeitplan | FAQ | CTA,passende Kategorieseiten; passender Ratgeber; /fuer-veranstalter,"CollectionPage, ItemList, BreadcrumbList, FAQPage",Profil öffnen / buchen,"fairy, magician, clown, facepaint, superhero","≥ 10 echte passende Profile; eigener Text, kein Textbaustein",⏳ wartet auf echte Profile
36,/festival-kuenstler,Künstler für Festival,Commercial / Transactional,künstler festival,walking act festival; straßenkunst festival,Künstler für Festival – Künstler mit Festpreis buchen | Showly,"Künstler für Festival: passende Künstler vergleichen, freie Termine im Live-Kalender sehen und direkt buchen. Stornoschutz und sichere Zahlung inklusive.",Künstler für Festival,Direkte Antwort | Passende Sparten mit echten Profilen | Planungstipps | Zeitplan | FAQ | CTA,passende Kategorieseiten; passender Ratgeber; /fuer-veranstalter,"CollectionPage, ItemList, BreadcrumbList, FAQPage",Profil öffnen / buchen,"street, walkingact, band","≥ 10 echte passende Profile; eigener Text, kein Textbaustein",⏳ wartet auf echte Profile
37,/stadtfest-entertainment,Entertainment für Stadtfest,Commercial / Transactional,stadtfest unterhaltung,straßenkünstler stadtfest; kinderprogramm stadtfest,Entertainment für Stadtfest – Künstler mit Festpreis buchen | Showly,"Entertainment für Stadtfest: passende Künstler vergleichen, freie Termine im Live-Kalender sehen und direkt buchen. Stornoschutz und sichere Zahlung inklusive.",Entertainment für Stadtfest,Direkte Antwort | Passende Sparten mit echten Profilen | Planungstipps | Zeitplan | FAQ | CTA,passende Kategorieseiten; passender Ratgeber; /fuer-veranstalter,"CollectionPage, ItemList, BreadcrumbList, FAQPage",Profil öffnen / buchen,"street, clown, walkingact","≥ 10 echte passende Profile; eigener Text, kein Textbaustein",⏳ wartet auf echte Profile
38,/hotel-entertainment,Entertainment für Hotels,Commercial / Transactional,hotel entertainment,musiker hotelbar; animation hotel,Entertainment für Hotels – Künstler mit Festpreis buchen | Showly,"Entertainment für Hotels: passende Künstler vergleichen, freie Termine im Live-Kalender sehen und direkt buchen. Stornoschutz und sichere Zahlung inklusive.",Entertainment für Hotels,Direkte Antwort | Passende Sparten mit echten Profilen | Planungstipps | Zeitplan | FAQ | CTA,passende Kategorieseiten; passender Ratgeber; /fuer-veranstalter,"CollectionPage, ItemList, BreadcrumbList, FAQPage",Profil öffnen / buchen,"musician, magician","≥ 10 echte passende Profile; eigener Text, kein Textbaustein",⏳ wartet auf echte Profile
39,/restaurant-live-musik,Live-Musik für Restaurants,Commercial / Transactional,live musik restaurant,musiker restaurant buchen; pianist restaurant,Live-Musik für Restaurants – Künstler mit Festpreis buchen | Showly,"Live-Musik für Restaurants: passende Künstler vergleichen, freie Termine im Live-Kalender sehen und direkt buchen. Stornoschutz und sichere Zahlung inklusive.",Live-Musik für Restaurants,Direkte Antwort | Passende Sparten mit echten Profilen | Planungstipps | Zeitplan | FAQ | CTA,passende Kategorieseiten; passender Ratgeber; /fuer-veranstalter,"CollectionPage, ItemList, BreadcrumbList, FAQPage",Profil öffnen / buchen,"musician, band","≥ 10 echte passende Profile; eigener Text, kein Textbaustein",⏳ wartet auf echte Profile
40,/private-feier-entertainment,Entertainment für private Feiern,Commercial / Transactional,unterhaltung private feier,jubiläum künstler; party unterhaltung,Entertainment für private Feiern – Künstler mit Festpreis buchen | Showly,"Entertainment für private Feiern: passende Künstler vergleichen, freie Termine im Live-Kalender sehen und direkt buchen. Stornoschutz und sichere Zahlung inklusive.",Entertainment für private Feiern,Direkte Antwort | Passende Sparten mit echten Profilen | Planungstipps | Zeitplan | FAQ | CTA,passende Kategorieseiten; passender Ratgeber; /fuer-veranstalter,"CollectionPage, ItemList, BreadcrumbList, FAQPage",Profil öffnen / buchen,alle,"≥ 10 echte passende Profile; eigener Text, kein Textbaustein",⏳ wartet auf echte Profile
41,/ratgeber/was-kostet-ein-saenger,Was kostet ein Sänger?,Informational,was kostet ein sänger,sänger hochzeit preis; gage sänger,Was kostet ein Sänger? | Showly-Ratgeber,"Was kostet ein Sänger? Die wichtigsten Punkte kurz erklärt, mit Checkliste und Beispielen aus der Praxis.",Was kostet ein Sänger?,Direkte Antwort (50–100 Wörter) | Einflussfaktoren | Checkliste | Beispiele | FAQ | Verweis auf passende Sparte,passende Kategorie- und Anlass-Seiten; /wie-funktioniert-showly,"Article, BreadcrumbList, FAQPage",Künstler finden,passend,"eigener Text, keine KI-Massenware",⏳ Phase 4
42,/ratgeber/was-kostet-eine-band,Was kostet eine Band?,Informational,was kostet eine band,band hochzeit kosten; coverband preis,Was kostet eine Band? | Showly-Ratgeber,"Was kostet eine Band? Die wichtigsten Punkte kurz erklärt, mit Checkliste und Beispielen aus der Praxis.",Was kostet eine Band?,Direkte Antwort (50–100 Wörter) | Einflussfaktoren | Checkliste | Beispiele | FAQ | Verweis auf passende Sparte,passende Kategorie- und Anlass-Seiten; /wie-funktioniert-showly,"Article, BreadcrumbList, FAQPage",Künstler finden,passend,"eigener Text, keine KI-Massenware",⏳ Phase 4
43,/ratgeber/was-kostet-ein-dj,Was kostet ein DJ?,Informational,was kostet ein dj,dj preis pro stunde; dj hochzeit kosten,Was kostet ein DJ? | Showly-Ratgeber,"Was kostet ein DJ? Die wichtigsten Punkte kurz erklärt, mit Checkliste und Beispielen aus der Praxis.",Was kostet ein DJ?,Direkte Antwort (50–100 Wörter) | Einflussfaktoren | Checkliste | Beispiele | FAQ | Verweis auf passende Sparte,passende Kategorie- und Anlass-Seiten; /wie-funktioniert-showly,"Article, BreadcrumbList, FAQPage",Künstler finden,passend,"eigener Text, keine KI-Massenware",⏳ Phase 4
44,/ratgeber/kuenstler-buchen,Wie buche ich einen Künstler?,Informational,wie buche ich einen künstler,künstler buchen tipps; künstler anfragen,Wie buche ich einen Künstler? | Showly-Ratgeber,"Wie buche ich einen Künstler? Die wichtigsten Punkte kurz erklärt, mit Checkliste und Beispielen aus der Praxis.",Wie buche ich einen Künstler?,Direkte Antwort (50–100 Wörter) | Einflussfaktoren | Checkliste | Beispiele | FAQ | Verweis auf passende Sparte,passende Kategorie- und Anlass-Seiten; /wie-funktioniert-showly,"Article, BreadcrumbList, FAQPage",Künstler finden,passend,"eigener Text, keine KI-Massenware",⏳ Phase 4
45,/ratgeber/kuenstlervertrag,Was gehört in einen Künstlervertrag?,Informational,künstlervertrag,gastspielvertrag; künstlervertrag muster,Was gehört in einen Künstlervertrag? | Showly-Ratgeber,"Was gehört in einen Künstlervertrag? Die wichtigsten Punkte kurz erklärt, mit Checkliste und Beispielen aus der Praxis.",Was gehört in einen Künstlervertrag?,Direkte Antwort (50–100 Wörter) | Einflussfaktoren | Checkliste | Beispiele | FAQ | Verweis auf passende Sparte,passende Kategorie- und Anlass-Seiten; /wie-funktioniert-showly,"Article, BreadcrumbList, FAQPage",Künstler finden,passend,Rechtliche Aussagen (Vertrag) anwaltlich prüfen lassen,⏳ Phase 4
46,/ratgeber/kuenstler-fuer-event-finden,Wie finde ich den richtigen Künstler?,Informational,richtigen künstler finden,künstler auswählen event,Wie finde ich den richtigen Künstler? | Showly-Ratgeber,"Wie finde ich den richtigen Künstler? Die wichtigsten Punkte kurz erklärt, mit Checkliste und Beispielen aus der Praxis.",Wie finde ich den richtigen Künstler?,Direkte Antwort (50–100 Wörter) | Einflussfaktoren | Checkliste | Beispiele | FAQ | Verweis auf passende Sparte,passende Kategorie- und Anlass-Seiten; /wie-funktioniert-showly,"Article, BreadcrumbList, FAQPage",Künstler finden,passend,"eigener Text, keine KI-Massenware",⏳ Phase 4
47,/ratgeber/event-entertainment-planen,Entertainment für ein Event planen,Informational,event entertainment planen,programm firmenfeier planen; ablauf feier,Entertainment für ein Event planen | Showly-Ratgeber,"Entertainment für ein Event planen Die wichtigsten Punkte kurz erklärt, mit Checkliste und Beispielen aus der Praxis.",Entertainment für ein Event planen,Direkte Antwort (50–100 Wörter) | Einflussfaktoren | Checkliste | Beispiele | FAQ | Verweis auf passende Sparte,passende Kategorie- und Anlass-Seiten; /wie-funktioniert-showly,"Article, BreadcrumbList, FAQPage",Künstler finden,passend,"eigener Text, keine KI-Massenware",⏳ Phase 4
48,/ratgeber/live-musik-oder-dj,Liveband oder DJ?,Informational,liveband oder dj,band oder dj hochzeit,Liveband oder DJ? | Showly-Ratgeber,"Liveband oder DJ? Die wichtigsten Punkte kurz erklärt, mit Checkliste und Beispielen aus der Praxis.",Liveband oder DJ?,Direkte Antwort (50–100 Wörter) | Einflussfaktoren | Checkliste | Beispiele | FAQ | Verweis auf passende Sparte,passende Kategorie- und Anlass-Seiten; /wie-funktioniert-showly,"Article, BreadcrumbList, FAQPage",Künstler finden,passend,"eigener Text, keine KI-Massenware",⏳ Phase 4
49,/ratgeber/hochzeitsmusik-planen,Musik für eine Hochzeit planen,Informational,hochzeitsmusik planen,musik trauung; ablauf hochzeitsmusik,Musik für eine Hochzeit planen | Showly-Ratgeber,"Musik für eine Hochzeit planen Die wichtigsten Punkte kurz erklärt, mit Checkliste und Beispielen aus der Praxis.",Musik für eine Hochzeit planen,Direkte Antwort (50–100 Wörter) | Einflussfaktoren | Checkliste | Beispiele | FAQ | Verweis auf passende Sparte,passende Kategorie- und Anlass-Seiten; /wie-funktioniert-showly,"Article, BreadcrumbList, FAQPage",Künstler finden,passend,"eigener Text, keine KI-Massenware",⏳ Phase 4
50,/ratgeber/kurzfristig-kuenstler-buchen,Kurzfristig einen Künstler buchen,Informational,kurzfristig künstler buchen,last minute künstler; künstler morgen buchen,Kurzfristig einen Künstler buchen | Showly-Ratgeber,"Kurzfristig einen Künstler buchen Die wichtigsten Punkte kurz erklärt, mit Checkliste und Beispielen aus der Praxis.",Kurzfristig einen Künstler buchen,Direkte Antwort (50–100 Wörter) | Einflussfaktoren | Checkliste | Beispiele | FAQ | Verweis auf passende Sparte,passende Kategorie- und Anlass-Seiten; /wie-funktioniert-showly,"Article, BreadcrumbList, FAQPage",Künstler finden,passend,"eigener Text, keine KI-Massenware",⏳ Phase 4
